{
  "project_info": {
    "project_number": "365058967814",
    "firebase_url": "https://eshop-2210d.firebaseio.com",
    "project_id": "eshop-2210d",
    "storage_bucket": "eshop-2210d.appspot.com"
  },
  "client": [
    {
      "client_info": {
        "mobilesdk_app_id": "1:365058967814:android:29008f81215630539a7687",
        "android_client_info": {
          "package_name": "com.eshopsingle.customer"
        }
      },
      "oauth_client": [
        {
          "client_id": "365058967814-0ui2rsgofdu5fioj0e7uoapco13g6i6k.apps.googleusercontent.com",
          "client_type": 1,
          "android_info": {
            "package_name": "com.eshopsingle.customer",
            "certificate_hash": "088a8a7ea53cca13c0f3177300f0d9a7f2897b21"
          }
        },
        {
          "client_id": "365058967814-el6g8fr851huu1gc9q8ms1ql6u93e9cc.apps.googleusercontent.com",
          "client_type": 1,
          "android_info": {
            "package_name": "com.eshopsingle.customer",
            "certificate_hash": "14a44c0fd818e5e87e7f68dd2ccb90bfaf609845"
          }
        },
        {
          "client_id": "365058967814-ibjacjln05p0jd1ge015kj01pf2fsb4r.apps.googleusercontent.com",
          "client_type": 1,
          "android_info": {
            "package_name": "com.eshopsingle.customer",
            "certificate_hash": "42c1410b43bb773918db2fc64d61c13acd12bc67"
          }
        },
        {
          "client_id": "365058967814-sui9d3atv9ar9r93iqlsschq8ck0nvqd.apps.googleusercontent.com",
          "client_type": 1,
          "android_info": {
            "package_name": "com.eshopsingle.customer",
            "certificate_hash": "4cd56deeeb4613231f689af5e46f5e76e2ec2da2"
          }
        },
        {
          "client_id": "365058967814-d7obt28vb93aka20tlds8grg79v88uqa.apps.googleusercontent.com",
          "client_type": 3
        }
      ],
      "api_key": [
        {
          "current_key": "AIzaSyASvoiAu2X2-C-uMSKChK2UD7LDuXh5aEs"
        }
      ],
      "services": {
        "appinvite_service": {
          "other_platform_oauth_client": [
            {
              "client_id": "365058967814-d7obt28vb93aka20tlds8grg79v88uqa.apps.googleusercontent.com",
              "client_type": 3
            },
            {
              "client_id": "365058967814-6nrkjtfh0u9b3dgqvep9k70q1ncennak.apps.googleusercontent.com",
              "client_type": 2,
              "ios_info": {
                "bundle_id": "com.wrteam.eshop",
                "app_store_id": "123456789"
              }
            }
          ]
        }
      }
    },
    {
      "client_info": {
        "mobilesdk_app_id": "1:365058967814:android:6e5645c29fb6613a9a7687",
        "android_client_info": {
          "package_name": "com.eshopsingle.deliveryboy"
        }
      },
      "oauth_client": [
        {
          "client_id": "365058967814-40lgsrkceesietks9i82uaam9j4uhu87.apps.googleusercontent.com",
          "client_type": 1,
          "android_info": {
            "package_name": "com.eshopsingle.deliveryboy",
            "certificate_hash": "d9a4863948d2539883c3e96f718cf53db81e3ee6"
          }
        },
        {
          "client_id": "365058967814-61slmke0fk3g434jssm7f0lv5l5l43ac.apps.googleusercontent.com",
          "client_type": 1,
          "android_info": {
            "package_name": "com.eshopsingle.deliveryboy",
            "certificate_hash": "14a44c0fd818e5e87e7f68dd2ccb90bfaf609845"
          }
        },
        {
          "client_id": "365058967814-q511mvank6deqlheelohcnebhb2nr0od.apps.googleusercontent.com",
          "client_type": 1,
          "android_info": {
            "package_name": "com.eshopsingle.deliveryboy",
            "certificate_hash": "e6b89492d7ba78519d1b55ba43abfee5667425a8"
          }
        },
        {
          "client_id": "365058967814-d7obt28vb93aka20tlds8grg79v88uqa.apps.googleusercontent.com",
          "client_type": 3
        }
      ],
      "api_key": [
        {
          "current_key": "AIzaSyASvoiAu2X2-C-uMSKChK2UD7LDuXh5aEs"
        }
      ],
      "services": {
        "appinvite_service": {
          "other_platform_oauth_client": [
            {
              "client_id": "365058967814-d7obt28vb93aka20tlds8grg79v88uqa.apps.googleusercontent.com",
              "client_type": 3
            },
            {
              "client_id": "365058967814-6nrkjtfh0u9b3dgqvep9k70q1ncennak.apps.googleusercontent.com",
              "client_type": 2,
              "ios_info": {
                "bundle_id": "com.wrteam.eshop",
                "app_store_id": "123456789"
              }
            }
          ]
        }
      }
    },
    {
      "client_info": {
        "mobilesdk_app_id": "1:365058967814:android:f977c3b319218a439a7687",
        "android_client_info": {
          "package_name": "com.wrteam.admin_eshop"
        }
      },
      "oauth_client": [
        {
          "client_id": "365058967814-0g29tk7c7s08fmjf2k4530au96auhlif.apps.googleusercontent.com",
          "client_type": 1,
          "android_info": {
            "package_name": "com.wrteam.admin_eshop",
            "certificate_hash": "4cd56deeeb4613231f689af5e46f5e76e2ec2da2"
          }
        },
        {
          "client_id": "365058967814-38l8rce62ff097lpr0l58aeb6cp96bqm.apps.googleusercontent.com",
          "client_type": 1,
          "android_info": {
            "package_name": "com.wrteam.admin_eshop",
            "certificate_hash": "c63fa09535ee639c1b4d0c0308b346262584c1cc"
          }
        },
        {
          "client_id": "365058967814-46kau827hcr3lf6jtrim9k2j9psmsq08.apps.googleusercontent.com",
          "client_type": 1,
          "android_info": {
            "package_name": "com.wrteam.admin_eshop",
            "certificate_hash": "b96b7f2480c10d3be7be45bf55137aeee9447d39"
          }
        },
        {
          "client_id": "365058967814-hhmtvlpk6ivb0c3uvov30ov12nsp18u6.apps.googleusercontent.com",
          "client_type": 1,
          "android_info": {
            "package_name": "com.wrteam.admin_eshop",
            "certificate_hash": "46c77d01aca6dc6e2e1f42ba6a9c576a2dcd08d4"
          }
        },
        {
          "client_id": "365058967814-d7obt28vb93aka20tlds8grg79v88uqa.apps.googleusercontent.com",
          "client_type": 3
        }
      ],
      "api_key": [
        {
          "current_key": "AIzaSyASvoiAu2X2-C-uMSKChK2UD7LDuXh5aEs"
        }
      ],
      "services": {
        "appinvite_service": {
          "other_platform_oauth_client": [
            {
              "client_id": "365058967814-d7obt28vb93aka20tlds8grg79v88uqa.apps.googleusercontent.com",
              "client_type": 3
            },
            {
              "client_id": "365058967814-6nrkjtfh0u9b3dgqvep9k70q1ncennak.apps.googleusercontent.com",
              "client_type": 2,
              "ios_info": {
                "bundle_id": "com.wrteam.eshop",
                "app_store_id": "123456789"
              }
            }
          ]
        }
      }
    },
    {
      "client_info": {
        "mobilesdk_app_id": "1:365058967814:android:aaa2c8582fb6a9269a7687",
        "android_client_info": {
          "package_name": "com.wrteam.eshop"
        }
      },
      "oauth_client": [
        {
          "client_id": "365058967814-85b9q34esknkhe1h5mlefoahmorcjjh1.apps.googleusercontent.com",
          "client_type": 1,
          "android_info": {
            "package_name": "com.wrteam.eshop",
            "certificate_hash": "9f7b8aa5cb59cfd7b82c676612bbe01702d1e0d1"
          }
        },
        {
          "client_id": "365058967814-9098so4l36qr16napfmih4amuver9lm9.apps.googleusercontent.com",
          "client_type": 1,
          "android_info": {
            "package_name": "com.wrteam.eshop",
            "certificate_hash": "14a44c0fd818e5e87e7f68dd2ccb90bfaf609845"
          }
        },
        {
          "client_id": "365058967814-d9al9nqo5dda3t4ctodbdj45n7dld4kg.apps.googleusercontent.com",
          "client_type": 1,
          "android_info": {
            "package_name": "com.wrteam.eshop",
            "certificate_hash": "7b1d45b3efc33b5db6e7228ba62b80cdc6f183ef"
          }
        },
        {
          "client_id": "365058967814-ehc7s158g7bf5qdp3vcc7ot7gd41mvr4.apps.googleusercontent.com",
          "client_type": 1,
          "android_info": {
            "package_name": "com.wrteam.eshop",
            "certificate_hash": "06920698abee7207d73d949630756cb786354dd5"
          }
        },
        {
          "client_id": "365058967814-fndg5sjuoimonh8m809het0g1cqjcuqn.apps.googleusercontent.com",
          "client_type": 1,
          "android_info": {
            "package_name": "com.wrteam.eshop",
            "certificate_hash": "d285800e047cd1f929ba7f22f7a4e54475f11ec6"
          }
        },
        {
          "client_id": "365058967814-gdsnfdn32n1hr657t76k6lt40l7rmcvm.apps.googleusercontent.com",
          "client_type": 1,
          "android_info": {
            "package_name": "com.wrteam.eshop",
            "certificate_hash": "46c77d01aca6dc6e2e1f42ba6a9c576a2dcd08d4"
          }
        },
        {
          "client_id": "365058967814-kselkupf9sf8kqap7eus1oq8ce1meh65.apps.googleusercontent.com",
          "client_type": 1,
          "android_info": {
            "package_name": "com.wrteam.eshop",
            "certificate_hash": "18015e766863d08a08d3784e53891c022b2db9ce"
          }
        },
        {
          "client_id": "365058967814-mg2bnh8ht3hv8hnuuled6hl46ib9150c.apps.googleusercontent.com",
          "client_type": 1,
          "android_info": {
            "package_name": "com.wrteam.eshop",
            "certificate_hash": "c63fa09535ee639c1b4d0c0308b346262584c1cc"
          }
        },
        {
          "client_id": "365058967814-oi7ps3mgq0jt8nfjjscuhc94v1o1ra36.apps.googleusercontent.com",
          "client_type": 1,
          "android_info": {
            "package_name": "com.wrteam.eshop",
            "certificate_hash": "4cd56deeeb4613231f689af5e46f5e76e2ec2da2"
          }
        },
        {
          "client_id": "365058967814-rdt4n4mt4e8v8s9t70jlqbq088qtk05l.apps.googleusercontent.com",
          "client_type": 1,
          "android_info": {
            "package_name": "com.wrteam.eshop",
            "certificate_hash": "66d8b66e93198c8465e302c0c287202c6d2988a1"
          }
        },
        {
          "client_id": "365058967814-vqn7r83bvkd6e8tvh45g7ink8739gqao.apps.googleusercontent.com",
          "client_type": 1,
          "android_info": {
            "package_name": "com.wrteam.eshop",
            "certificate_hash": "b96b7f2480c10d3be7be45bf55137aeee9447d39"
          }
        },
        {
          "client_id": "365058967814-d7obt28vb93aka20tlds8grg79v88uqa.apps.googleusercontent.com",
          "client_type": 3
        }
      ],
      "api_key": [
        {
          "current_key": "AIzaSyASvoiAu2X2-C-uMSKChK2UD7LDuXh5aEs"
        }
      ],
      "services": {
        "appinvite_service": {
          "other_platform_oauth_client": [
            {
              "client_id": "365058967814-d7obt28vb93aka20tlds8grg79v88uqa.apps.googleusercontent.com",
              "client_type": 3
            },
            {
              "client_id": "365058967814-6nrkjtfh0u9b3dgqvep9k70q1ncennak.apps.googleusercontent.com",
              "client_type": 2,
              "ios_info": {
                "bundle_id": "com.wrteam.eshop",
                "app_store_id": "123456789"
              }
            }
          ]
        }
      }
    },
    {
      "client_info": {
        "mobilesdk_app_id": "1:365058967814:android:5ba25999f5e6717d9a7687",
        "android_client_info": {
          "package_name": "com.wrteam.eshop.deliveryboy"
        }
      },
      "oauth_client": [
        {
          "client_id": "365058967814-pg7rdkhciqbbb75668p7np27um2pltnd.apps.googleusercontent.com",
          "client_type": 1,
          "android_info": {
            "package_name": "com.wrteam.eshop.deliveryboy",
            "certificate_hash": "46c77d01aca6dc6e2e1f42ba6a9c576a2dcd08d4"
          }
        },
        {
          "client_id": "365058967814-q6i7hjfhpcteb9dccausbplq4ekb0sd3.apps.googleusercontent.com",
          "client_type": 1,
          "android_info": {
            "package_name": "com.wrteam.eshop.deliveryboy",
            "certificate_hash": "4cd56deeeb4613231f689af5e46f5e76e2ec2da2"
          }
        },
        {
          "client_id": "365058967814-r6adv97v8ngoo0h2dgt9ssb1favm741f.apps.googleusercontent.com",
          "client_type": 1,
          "android_info": {
            "package_name": "com.wrteam.eshop.deliveryboy",
            "certificate_hash": "b96b7f2480c10d3be7be45bf55137aeee9447d39"
          }
        },
        {
          "client_id": "365058967814-tn9tcbtfs3hf62fu498ul1orm1suahb5.apps.googleusercontent.com",
          "client_type": 1,
          "android_info": {
            "package_name": "com.wrteam.eshop.deliveryboy",
            "certificate_hash": "66d8b66e93198c8465e302c0c287202c6d2988a1"
          }
        },
        {
          "client_id": "365058967814-d7obt28vb93aka20tlds8grg79v88uqa.apps.googleusercontent.com",
          "client_type": 3
        }
      ],
      "api_key": [
        {
          "current_key": "AIzaSyASvoiAu2X2-C-uMSKChK2UD7LDuXh5aEs"
        }
      ],
      "services": {
        "appinvite_service": {
          "other_platform_oauth_client": [
            {
              "client_id": "365058967814-d7obt28vb93aka20tlds8grg79v88uqa.apps.googleusercontent.com",
              "client_type": 3
            },
            {
              "client_id": "365058967814-6nrkjtfh0u9b3dgqvep9k70q1ncennak.apps.googleusercontent.com",
              "client_type": 2,
              "ios_info": {
                "bundle_id": "com.wrteam.eshop",
                "app_store_id": "123456789"
              }
            }
          ]
        }
      }
    }
  ],
  "configuration_version": "1"
}